product1,product2,shared_attributes
5664.jpg,16288.jpg,12
1890.jpg,16288.jpg,12
16629.jpg,16288.jpg,12
31281.jpg,7285.jpg,12
34406.jpg,5016.jpg,12
5016.jpg,34406.jpg,12
1890.jpg,27356.jpg,12
7285.jpg,31281.jpg,12
16288.jpg,5664.jpg,12
1890.jpg,5664.jpg,12
16629.jpg,5664.jpg,12
16288.jpg,1890.jpg,12
5664.jpg,1890.jpg,12
16629.jpg,1890.jpg,12
57796.jpg,1890.jpg,12
27356.jpg,1890.jpg,12
16288.jpg,16629.jpg,12
5664.jpg,16629.jpg,12
1890.jpg,16629.jpg,12
57796.jpg,16629.jpg,12
1890.jpg,57796.jpg,12
16629.jpg,57796.jpg,12
57796.jpg,16288.jpg,11
27356.jpg,16288.jpg,11
27356.jpg,48430.jpg,11
1890.jpg,48430.jpg,11
27356.jpg,7285.jpg,11
16629.jpg,5016.jpg,11
27356.jpg,8557.jpg,11
1890.jpg,9935.jpg,11
36559.jpg,9935.jpg,11
18843.jpg,9935.jpg,11
3098.jpg,9935.jpg,11
16629.jpg,34406.jpg,11
8557.jpg,27356.jpg,11
7903.jpg,27356.jpg,11
3410.jpg,27356.jpg,11
16288.jpg,27356.jpg,11
5664.jpg,27356.jpg,11
16629.jpg,27356.jpg,11
57796.jpg,27356.jpg,11
48430.jpg,27356.jpg,11
7285.jpg,27356.jpg,11
31281.jpg,27356.jpg,11
10472.jpg,27356.jpg,11
2012.jpg,6181.jpg,11
9935.jpg,36559.jpg,11
18843.jpg,36559.jpg,11
3098.jpg,36559.jpg,11
27356.jpg,31281.jpg,11
57796.jpg,5664.jpg,11
27356.jpg,5664.jpg,11
6181.jpg,2012.jpg,11
27356.jpg,10472.jpg,11
27356.jpg,7903.jpg,11
9935.jpg,18843.jpg,11
36559.jpg,18843.jpg,11
3098.jpg,18843.jpg,11
9935.jpg,1890.jpg,11
3098.jpg,1890.jpg,11
48430.jpg,1890.jpg,11
27356.jpg,16629.jpg,11
5016.jpg,16629.jpg,11
34406.jpg,16629.jpg,11
7763.jpg,16629.jpg,11
16288.jpg,57796.jpg,11
5664.jpg,57796.jpg,11
27356.jpg,57796.jpg,11
16629.jpg,7763.jpg,11
1890.jpg,3098.jpg,11
9935.jpg,3098.jpg,11
36559.jpg,3098.jpg,11
18843.jpg,3098.jpg,11
27356.jpg,3410.jpg,11
9935.jpg,16288.jpg,10
3098.jpg,16288.jpg,10
7285.jpg,16288.jpg,10
8557.jpg,16288.jpg,10
12560.jpg,16288.jpg,10
3722.jpg,16288.jpg,10
31281.jpg,16288.jpg,10
4260.jpg,16288.jpg,10
10472.jpg,16288.jpg,10
7888.jpg,16288.jpg,10
5157.jpg,16288.jpg,10
7763.jpg,16288.jpg,10
3410.jpg,48430.jpg,10
9935.jpg,10670.jpg,10
3874.jpg,10670.jpg,10
12556.jpg,10670.jpg,10
36559.jpg,10670.jpg,10
42107.jpg,10670.jpg,10
16427.jpg,10670.jpg,10
46410.jpg,10670.jpg,10
18843.jpg,10670.jpg,10
1890.jpg,10670.jpg,10
3098.jpg,10670.jpg,10
16288.jpg,7285.jpg,10
8557.jpg,7285.jpg,10
12560.jpg,7285.jpg,10
3722.jpg,7285.jpg,10
5664.jpg,7285.jpg,10
4260.jpg,7285.jpg,10
10472.jpg,7285.jpg,10
1890.jpg,7285.jpg,10
16629.jpg,7285.jpg,10
7888.jpg,7285.jpg,10
5157.jpg,7285.jpg,10
7763.jpg,7285.jpg,10
3060.jpg,38808.jpg,10
6181.jpg,38808.jpg,10
2012.jpg,38808.jpg,10
46410.jpg,38808.jpg,10
1890.jpg,38808.jpg,10
27356.jpg,5016.jpg,10
6181.jpg,5016.jpg,10
7903.jpg,5016.jpg,10
35887.jpg,5016.jpg,10
1890.jpg,5016.jpg,10
57796.jpg,5016.jpg,10
7763.jpg,5016.jpg,10
38808.jpg,3060.jpg,10
6181.jpg,3060.jpg,10
2012.jpg,3060.jpg,10
46410.jpg,3060.jpg,10
1890.jpg,3060.jpg,10
7903.jpg,8557.jpg,10
16288.jpg,8557.jpg,10
7285.jpg,8557.jpg,10
9935.jpg,8557.jpg,10
12560.jpg,8557.jpg,10
36559.jpg,8557.jpg,10
3722.jpg,8557.jpg,10
31281.jpg,8557.jpg,10
5664.jpg,8557.jpg,10
4260.jpg,8557.jpg,10
10472.jpg,8557.jpg,10
18843.jpg,8557.jpg,10
1890.jpg,8557.jpg,10
16629.jpg,8557.jpg,10
7888.jpg,8557.jpg,10
5157.jpg,8557.jpg,10
7763.jpg,8557.jpg,10
3098.jpg,8557.jpg,10
12560.jpg,20297.jpg,10
46410.jpg,20297.jpg,10
1890.jpg,20297.jpg,10
22318.jpg,20297.jpg,10
16288.jpg,9935.jpg,10
5664.jpg,9935.jpg,10
16629.jpg,9935.jpg,10
10670.jpg,9935.jpg,10
8557.jpg,9935.jpg,10
3874.jpg,9935.jpg,10
12556.jpg,9935.jpg,10
42107.jpg,9935.jpg,10
16427.jpg,9935.jpg,10
46410.jpg,9935.jpg,10
10670.jpg,3874.jpg,10
9935.jpg,3874.jpg,10
12556.jpg,3874.jpg,10
36559.jpg,3874.jpg,10
42107.jpg,3874.jpg,10
16427.jpg,3874.jpg,10
46410.jpg,3874.jpg,10
18843.jpg,3874.jpg,10
1890.jpg,3874.jpg,10
3098.jpg,3874.jpg,10
27356.jpg,34406.jpg,10
6181.jpg,34406.jpg,10
7903.jpg,34406.jpg,10
35887.jpg,34406.jpg,10
1890.jpg,34406.jpg,10
57796.jpg,34406.jpg,10
7763.jpg,34406.jpg,10
6181.jpg,27356.jpg,10
3098.jpg,27356.jpg,10
5016.jpg,27356.jpg,10
34406.jpg,27356.jpg,10
12560.jpg,27356.jpg,10
3722.jpg,27356.jpg,10
4260.jpg,27356.jpg,10
35887.jpg,27356.jpg,10
7888.jpg,27356.jpg,10
5157.jpg,27356.jpg,10
7763.jpg,27356.jpg,10
16288.jpg,12560.jpg,10
7285.jpg,12560.jpg,10
8557.jpg,12560.jpg,10
20297.jpg,12560.jpg,10
27356.jpg,12560.jpg,10
3722.jpg,12560.jpg,10
31281.jpg,12560.jpg,10
5664.jpg,12560.jpg,10
4260.jpg,12560.jpg,10
10472.jpg,12560.jpg,10
46410.jpg,12560.jpg,10
1890.jpg,12560.jpg,10
16629.jpg,12560.jpg,10
7888.jpg,12560.jpg,10
22318.jpg,12560.jpg,10
5157.jpg,12560.jpg,10
7763.jpg,12560.jpg,10
27356.jpg,6181.jpg,10
7903.jpg,6181.jpg,10
3410.jpg,6181.jpg,10
38808.jpg,6181.jpg,10
5016.jpg,6181.jpg,10
3060.jpg,6181.jpg,10
34406.jpg,6181.jpg,10
46410.jpg,6181.jpg,10
1890.jpg,6181.jpg,10
22318.jpg,6181.jpg,10
10670.jpg,12556.jpg,10
9935.jpg,12556.jpg,10
3874.jpg,12556.jpg,10
36559.jpg,12556.jpg,10
42107.jpg,12556.jpg,10
16427.jpg,12556.jpg,10
46410.jpg,12556.jpg,10
18843.jpg,12556.jpg,10
1890.jpg,12556.jpg,10
3098.jpg,12556.jpg,10
10670.jpg,36559.jpg,10
8557.jpg,36559.jpg,10
3874.jpg,36559.jpg,10
12556.jpg,36559.jpg,10
42107.jpg,36559.jpg,10
16427.jpg,36559.jpg,10
46410.jpg,36559.jpg,10
1890.jpg,36559.jpg,10
16288.jpg,3722.jpg,10
7285.jpg,3722.jpg,10
8557.jpg,3722.jpg,10
27356.jpg,3722.jpg,10
12560.jpg,3722.jpg,10
31281.jpg,3722.jpg,10
5664.jpg,3722.jpg,10
4260.jpg,3722.jpg,10
10472.jpg,3722.jpg,10
1890.jpg,3722.jpg,10
16629.jpg,3722.jpg,10
7888.jpg,3722.jpg,10
5157.jpg,3722.jpg,10
7763.jpg,3722.jpg,10
16288.jpg,31281.jpg,10
8557.jpg,31281.jpg,10
12560.jpg,31281.jpg,10
3722.jpg,31281.jpg,10
5664.jpg,31281.jpg,10
4260.jpg,31281.jpg,10
10472.jpg,31281.jpg,10
1890.jpg,31281.jpg,10
16629.jpg,31281.jpg,10
7888.jpg,31281.jpg,10
5157.jpg,31281.jpg,10
7763.jpg,31281.jpg,10
9935.jpg,5664.jpg,10
3098.jpg,5664.jpg,10
7285.jpg,5664.jpg,10
8557.jpg,5664.jpg,10
12560.jpg,5664.jpg,10
3722.jpg,5664.jpg,10
31281.jpg,5664.jpg,10
4260.jpg,5664.jpg,10
10472.jpg,5664.jpg,10
7888.jpg,5664.jpg,10
5157.jpg,5664.jpg,10
7763.jpg,5664.jpg,10
38808.jpg,2012.jpg,10
3060.jpg,2012.jpg,10
46410.jpg,2012.jpg,10
1890.jpg,2012.jpg,10
16288.jpg,4260.jpg,10
7285.jpg,4260.jpg,10
8557.jpg,4260.jpg,10
27356.jpg,4260.jpg,10
12560.jpg,4260.jpg,10
3722.jpg,4260.jpg,10
31281.jpg,4260.jpg,10
5664.jpg,4260.jpg,10
10472.jpg,4260.jpg,10
1890.jpg,4260.jpg,10
16629.jpg,4260.jpg,10
7888.jpg,4260.jpg,10
5157.jpg,4260.jpg,10
7763.jpg,4260.jpg,10
10670.jpg,42107.jpg,10
9935.jpg,42107.jpg,10
3874.jpg,42107.jpg,10
12556.jpg,42107.jpg,10
36559.jpg,42107.jpg,10
16427.jpg,42107.jpg,10
46410.jpg,42107.jpg,10
18843.jpg,42107.jpg,10
1890.jpg,42107.jpg,10
3098.jpg,42107.jpg,10
16288.jpg,10472.jpg,10
7285.jpg,10472.jpg,10
8557.jpg,10472.jpg,10
12560.jpg,10472.jpg,10
3722.jpg,10472.jpg,10
31281.jpg,10472.jpg,10
5664.jpg,10472.jpg,10
4260.jpg,10472.jpg,10
1890.jpg,10472.jpg,10
16629.jpg,10472.jpg,10
7888.jpg,10472.jpg,10
5157.jpg,10472.jpg,10
7763.jpg,10472.jpg,10
10670.jpg,16427.jpg,10
9935.jpg,16427.jpg,10
3874.jpg,16427.jpg,10
12556.jpg,16427.jpg,10
36559.jpg,16427.jpg,10
42107.jpg,16427.jpg,10
46410.jpg,16427.jpg,10
18843.jpg,16427.jpg,10
1890.jpg,16427.jpg,10
3098.jpg,16427.jpg,10
8557.jpg,7903.jpg,10
6181.jpg,7903.jpg,10
3410.jpg,7903.jpg,10
5016.jpg,7903.jpg,10
34406.jpg,7903.jpg,10
35887.jpg,7903.jpg,10
1890.jpg,7903.jpg,10
10670.jpg,46410.jpg,10
38808.jpg,46410.jpg,10
3060.jpg,46410.jpg,10
20297.jpg,46410.jpg,10
9935.jpg,46410.jpg,10
3874.jpg,46410.jpg,10
12560.jpg,46410.jpg,10
6181.jpg,46410.jpg,10
12556.jpg,46410.jpg,10
36559.jpg,46410.jpg,10
2012.jpg,46410.jpg,10
42107.jpg,46410.jpg,10
16427.jpg,46410.jpg,10
18843.jpg,46410.jpg,10
1890.jpg,46410.jpg,10
22318.jpg,46410.jpg,10
3098.jpg,46410.jpg,10
10670.jpg,18843.jpg,10
8557.jpg,18843.jpg,10
3874.jpg,18843.jpg,10
12556.jpg,18843.jpg,10
42107.jpg,18843.jpg,10
16427.jpg,18843.jpg,10
46410.jpg,18843.jpg,10
1890.jpg,18843.jpg,10
5016.jpg,35887.jpg,10
34406.jpg,35887.jpg,10
27356.jpg,35887.jpg,10
7903.jpg,35887.jpg,10
1890.jpg,35887.jpg,10
10670.jpg,1890.jpg,10
7285.jpg,1890.jpg,10
38808.jpg,1890.jpg,10
5016.jpg,1890.jpg,10
3060.jpg,1890.jpg,10
8557.jpg,1890.jpg,10
20297.jpg,1890.jpg,10
3874.jpg,1890.jpg,10
34406.jpg,1890.jpg,10
12560.jpg,1890.jpg,10
6181.jpg,1890.jpg,10
12556.jpg,1890.jpg,10
36559.jpg,1890.jpg,10
3722.jpg,1890.jpg,10
31281.jpg,1890.jpg,10
2012.jpg,1890.jpg,10
4260.jpg,1890.jpg,10
42107.jpg,1890.jpg,10
10472.jpg,1890.jpg,10
16427.jpg,1890.jpg,10
7903.jpg,1890.jpg,10
46410.jpg,1890.jpg,10
18843.jpg,1890.jpg,10
35887.jpg,1890.jpg,10
7888.jpg,1890.jpg,10
22318.jpg,1890.jpg,10
5157.jpg,1890.jpg,10
7763.jpg,1890.jpg,10
3410.jpg,1890.jpg,10
9935.jpg,16629.jpg,10
3098.jpg,16629.jpg,10
7285.jpg,16629.jpg,10
8557.jpg,16629.jpg,10
12560.jpg,16629.jpg,10
3722.jpg,16629.jpg,10
31281.jpg,16629.jpg,10
4260.jpg,16629.jpg,10
10472.jpg,16629.jpg,10
7888.jpg,16629.jpg,10
22318.jpg,16629.jpg,10
5157.jpg,16629.jpg,10
16288.jpg,7888.jpg,10
7285.jpg,7888.jpg,10
8557.jpg,7888.jpg,10
27356.jpg,7888.jpg,10
12560.jpg,7888.jpg,10
3722.jpg,7888.jpg,10
31281.jpg,7888.jpg,10
5664.jpg,7888.jpg,10
4260.jpg,7888.jpg,10
10472.jpg,7888.jpg,10
1890.jpg,7888.jpg,10
16629.jpg,7888.jpg,10
5157.jpg,7888.jpg,10
7763.jpg,7888.jpg,10
20297.jpg,22318.jpg,10
12560.jpg,22318.jpg,10
6181.jpg,22318.jpg,10
46410.jpg,22318.jpg,10
1890.jpg,22318.jpg,10
16629.jpg,22318.jpg,10
7763.jpg,22318.jpg,10
5016.jpg,57796.jpg,10
34406.jpg,57796.jpg,10
7763.jpg,57796.jpg,10
16288.jpg,5157.jpg,10
7285.jpg,5157.jpg,10
8557.jpg,5157.jpg,10
27356.jpg,5157.jpg,10
12560.jpg,5157.jpg,10
3722.jpg,5157.jpg,10
31281.jpg,5157.jpg,10
5664.jpg,5157.jpg,10
4260.jpg,5157.jpg,10
10472.jpg,5157.jpg,10
1890.jpg,5157.jpg,10
16629.jpg,5157.jpg,10
7888.jpg,5157.jpg,10
7763.jpg,5157.jpg,10
16288.jpg,7763.jpg,10
7285.jpg,7763.jpg,10
5016.jpg,7763.jpg,10
8557.jpg,7763.jpg,10
34406.jpg,7763.jpg,10
27356.jpg,7763.jpg,10
12560.jpg,7763.jpg,10
3722.jpg,7763.jpg,10
31281.jpg,7763.jpg,10
5664.jpg,7763.jpg,10
4260.jpg,7763.jpg,10
10472.jpg,7763.jpg,10
1890.jpg,7763.jpg,10
7888.jpg,7763.jpg,10
22318.jpg,7763.jpg,10
57796.jpg,7763.jpg,10
5157.jpg,7763.jpg,10
16288.jpg,3098.jpg,10
27356.jpg,3098.jpg,10
5664.jpg,3098.jpg,10
16629.jpg,3098.jpg,10
10670.jpg,3098.jpg,10
8557.jpg,3098.jpg,10
3874.jpg,3098.jpg,10
12556.jpg,3098.jpg,10
42107.jpg,3098.jpg,10
16427.jpg,3098.jpg,10
46410.jpg,3098.jpg,10
6181.jpg,3410.jpg,10
7903.jpg,3410.jpg,10
48430.jpg,3410.jpg,10
1890.jpg,3410.jpg,10
48430.jpg,16288.jpg,9
10670.jpg,16288.jpg,9
5016.jpg,16288.jpg,9
20297.jpg,16288.jpg,9
3874.jpg,16288.jpg,9
34406.jpg,16288.jpg,9
12556.jpg,16288.jpg,9
36559.jpg,16288.jpg,9
42107.jpg,16288.jpg,9
16427.jpg,16288.jpg,9
7903.jpg,16288.jpg,9
46410.jpg,16288.jpg,9
18843.jpg,16288.jpg,9
35887.jpg,16288.jpg,9
22318.jpg,16288.jpg,9
16288.jpg,48430.jpg,9
10670.jpg,48430.jpg,9
7285.jpg,48430.jpg,9
38808.jpg,48430.jpg,9
5016.jpg,48430.jpg,9
3060.jpg,48430.jpg,9
8557.jpg,48430.jpg,9
20297.jpg,48430.jpg,9
9935.jpg,48430.jpg,9
3874.jpg,48430.jpg,9
34406.jpg,48430.jpg,9
12560.jpg,48430.jpg,9
6181.jpg,48430.jpg,9
12556.jpg,48430.jpg,9
36559.jpg,48430.jpg,9
3722.jpg,48430.jpg,9
31281.jpg,48430.jpg,9
5664.jpg,48430.jpg,9
2012.jpg,48430.jpg,9
4260.jpg,48430.jpg,9
42107.jpg,48430.jpg,9
10472.jpg,48430.jpg,9
16427.jpg,48430.jpg,9
7903.jpg,48430.jpg,9
46410.jpg,48430.jpg,9
18843.jpg,48430.jpg,9
35887.jpg,48430.jpg,9
16629.jpg,48430.jpg,9
7888.jpg,48430.jpg,9
22318.jpg,48430.jpg,9
57796.jpg,48430.jpg,9
5157.jpg,48430.jpg,9
7763.jpg,48430.jpg,9
3098.jpg,48430.jpg,9
16288.jpg,10670.jpg,9
48430.jpg,10670.jpg,9
7285.jpg,10670.jpg,9
38808.jpg,10670.jpg,9
3060.jpg,10670.jpg,9
8557.jpg,10670.jpg,9
20297.jpg,10670.jpg,9
27356.jpg,10670.jpg,9
12560.jpg,10670.jpg,9
6181.jpg,10670.jpg,9
3722.jpg,10670.jpg,9
31281.jpg,10670.jpg,9
5664.jpg,10670.jpg,9
2012.jpg,10670.jpg,9
4260.jpg,10670.jpg,9
10472.jpg,10670.jpg,9
16629.jpg,10670.jpg,9
7888.jpg,10670.jpg,9
22318.jpg,10670.jpg,9
5157.jpg,10670.jpg,9
7763.jpg,10670.jpg,9
48430.jpg,7285.jpg,9
10670.jpg,7285.jpg,9
5016.jpg,7285.jpg,9
20297.jpg,7285.jpg,9
9935.jpg,7285.jpg,9
3874.jpg,7285.jpg,9
34406.jpg,7285.jpg,9
12556.jpg,7285.jpg,9
36559.jpg,7285.jpg,9
42107.jpg,7285.jpg,9
16427.jpg,7285.jpg,9
7903.jpg,7285.jpg,9
46410.jpg,7285.jpg,9
18843.jpg,7285.jpg,9
35887.jpg,7285.jpg,9
22318.jpg,7285.jpg,9
57796.jpg,7285.jpg,9
3098.jpg,7285.jpg,9
48430.jpg,38808.jpg,9
10670.jpg,38808.jpg,9
20297.jpg,38808.jpg,9
9935.jpg,38808.jpg,9
3874.jpg,38808.jpg,9
27356.jpg,38808.jpg,9
12560.jpg,38808.jpg,9
12556.jpg,38808.jpg,9
36559.jpg,38808.jpg,9
42107.jpg,38808.jpg,9
16427.jpg,38808.jpg,9
18843.jpg,38808.jpg,9
22318.jpg,38808.jpg,9
3098.jpg,38808.jpg,9
16288.jpg,5016.jpg,9
48430.jpg,5016.jpg,9
7285.jpg,5016.jpg,9
8557.jpg,5016.jpg,9
12560.jpg,5016.jpg,9
3722.jpg,5016.jpg,9
31281.jpg,5016.jpg,9
5664.jpg,5016.jpg,9
2012.jpg,5016.jpg,9
4260.jpg,5016.jpg,9
10472.jpg,5016.jpg,9
7888.jpg,5016.jpg,9
22318.jpg,5016.jpg,9
5157.jpg,5016.jpg,9
3410.jpg,5016.jpg,9
48430.jpg,3060.jpg,9
10670.jpg,3060.jpg,9
20297.jpg,3060.jpg,9
9935.jpg,3060.jpg,9
3874.jpg,3060.jpg,9
27356.jpg,3060.jpg,9
12560.jpg,3060.jpg,9
12556.jpg,3060.jpg,9
36559.jpg,3060.jpg,9
42107.jpg,3060.jpg,9
16427.jpg,3060.jpg,9
18843.jpg,3060.jpg,9
22318.jpg,3060.jpg,9
3098.jpg,3060.jpg,9
6181.jpg,8557.jpg,9
3410.jpg,8557.jpg,9
48430.jpg,8557.jpg,9
10670.jpg,8557.jpg,9
5016.jpg,8557.jpg,9
20297.jpg,8557.jpg,9
3874.jpg,8557.jpg,9
34406.jpg,8557.jpg,9
12556.jpg,8557.jpg,9
42107.jpg,8557.jpg,9
16427.jpg,8557.jpg,9
46410.jpg,8557.jpg,9
35887.jpg,8557.jpg,9
22318.jpg,8557.jpg,9
57796.jpg,8557.jpg,9
16288.jpg,20297.jpg,9
48430.jpg,20297.jpg,9
10670.jpg,20297.jpg,9
7285.jpg,20297.jpg,9
38808.jpg,20297.jpg,9
3060.jpg,20297.jpg,9
8557.jpg,20297.jpg,9
9935.jpg,20297.jpg,9
3874.jpg,20297.jpg,9
27356.jpg,20297.jpg,9
6181.jpg,20297.jpg,9
12556.jpg,20297.jpg,9
36559.jpg,20297.jpg,9
3722.jpg,20297.jpg,9
31281.jpg,20297.jpg,9
5664.jpg,20297.jpg,9
2012.jpg,20297.jpg,9
4260.jpg,20297.jpg,9
42107.jpg,20297.jpg,9
10472.jpg,20297.jpg,9
16427.jpg,20297.jpg,9
18843.jpg,20297.jpg,9
16629.jpg,20297.jpg,9
7888.jpg,20297.jpg,9
5157.jpg,20297.jpg,9
7763.jpg,20297.jpg,9
3098.jpg,20297.jpg,9
35271.jpg,9935.jpg,9
57796.jpg,9935.jpg,9
48430.jpg,9935.jpg,9
7285.jpg,9935.jpg,9
38808.jpg,9935.jpg,9
3060.jpg,9935.jpg,9
20297.jpg,9935.jpg,9
27356.jpg,9935.jpg,9
12560.jpg,9935.jpg,9
6181.jpg,9935.jpg,9
3722.jpg,9935.jpg,9
31281.jpg,9935.jpg,9
2012.jpg,9935.jpg,9
4260.jpg,9935.jpg,9
10472.jpg,9935.jpg,9
35887.jpg,9935.jpg,9
7888.jpg,9935.jpg,9
22318.jpg,9935.jpg,9
5157.jpg,9935.jpg,9
7763.jpg,9935.jpg,9
16288.jpg,3874.jpg,9
48430.jpg,3874.jpg,9
7285.jpg,3874.jpg,9
38808.jpg,3874.jpg,9
3060.jpg,3874.jpg,9
8557.jpg,3874.jpg,9
20297.jpg,3874.jpg,9
27356.jpg,3874.jpg,9
12560.jpg,3874.jpg,9
6181.jpg,3874.jpg,9
3722.jpg,3874.jpg,9
31281.jpg,3874.jpg,9
5664.jpg,3874.jpg,9
2012.jpg,3874.jpg,9
4260.jpg,3874.jpg,9
10472.jpg,3874.jpg,9
16629.jpg,3874.jpg,9
7888.jpg,3874.jpg,9
22318.jpg,3874.jpg,9
5157.jpg,3874.jpg,9
7763.jpg,3874.jpg,9
16288.jpg,34406.jpg,9
48430.jpg,34406.jpg,9
7285.jpg,34406.jpg,9
8557.jpg,34406.jpg,9
12560.jpg,34406.jpg,9
3722.jpg,34406.jpg,9
31281.jpg,34406.jpg,9
5664.jpg,34406.jpg,9
2012.jpg,34406.jpg,9
4260.jpg,34406.jpg,9
10472.jpg,34406.jpg,9
7888.jpg,34406.jpg,9
22318.jpg,34406.jpg,9
5157.jpg,34406.jpg,9
3410.jpg,34406.jpg,9
10670.jpg,27356.jpg,9
38808.jpg,27356.jpg,9
3060.jpg,27356.jpg,9
20297.jpg,27356.jpg,9
9935.jpg,27356.jpg,9
3874.jpg,27356.jpg,9
12556.jpg,27356.jpg,9
36559.jpg,27356.jpg,9
2012.jpg,27356.jpg,9
42107.jpg,27356.jpg,9
16427.jpg,27356.jpg,9
46410.jpg,27356.jpg,9
18843.jpg,27356.jpg,9
22318.jpg,27356.jpg,9
48430.jpg,12560.jpg,9
10670.jpg,12560.jpg,9
38808.jpg,12560.jpg,9
5016.jpg,12560.jpg,9
3060.jpg,12560.jpg,9
9935.jpg,12560.jpg,9
3874.jpg,12560.jpg,9
34406.jpg,12560.jpg,9
6181.jpg,12560.jpg,9
12556.jpg,12560.jpg,9
36559.jpg,12560.jpg,9
2012.jpg,12560.jpg,9
42107.jpg,12560.jpg,9
16427.jpg,12560.jpg,9
7903.jpg,12560.jpg,9
18843.jpg,12560.jpg,9
35887.jpg,12560.jpg,9
57796.jpg,12560.jpg,9
3098.jpg,12560.jpg,9
8557.jpg,6181.jpg,9
48430.jpg,6181.jpg,9
10670.jpg,6181.jpg,9
20297.jpg,6181.jpg,9
9935.jpg,6181.jpg,9
3874.jpg,6181.jpg,9
12560.jpg,6181.jpg,9
35271.jpg,6181.jpg,9
12556.jpg,6181.jpg,9
36559.jpg,6181.jpg,9
27357.jpg,6181.jpg,9
42107.jpg,6181.jpg,9
16427.jpg,6181.jpg,9
18843.jpg,6181.jpg,9
35887.jpg,6181.jpg,9
16629.jpg,6181.jpg,9
57796.jpg,6181.jpg,9
7763.jpg,6181.jpg,9
3098.jpg,6181.jpg,9
9935.jpg,35271.jpg,9
16629.jpg,35271.jpg,9
6181.jpg,35271.jpg,9
46410.jpg,35271.jpg,9
22318.jpg,35271.jpg,9
16288.jpg,12556.jpg,9
48430.jpg,12556.jpg,9
7285.jpg,12556.jpg,9
38808.jpg,12556.jpg,9
3060.jpg,12556.jpg,9
8557.jpg,12556.jpg,9
20297.jpg,12556.jpg,9
27356.jpg,12556.jpg,9
12560.jpg,12556.jpg,9
6181.jpg,12556.jpg,9
3722.jpg,12556.jpg,9
31281.jpg,12556.jpg,9
5664.jpg,12556.jpg,9
2012.jpg,12556.jpg,9
4260.jpg,12556.jpg,9
10472.jpg,12556.jpg,9
16629.jpg,12556.jpg,9
7888.jpg,12556.jpg,9
22318.jpg,12556.jpg,9
5157.jpg,12556.jpg,9
7763.jpg,12556.jpg,9
16288.jpg,36559.jpg,9
48430.jpg,36559.jpg,9
7285.jpg,36559.jpg,9
38808.jpg,36559.jpg,9
3060.jpg,36559.jpg,9
20297.jpg,36559.jpg,9
27356.jpg,36559.jpg,9
12560.jpg,36559.jpg,9
6181.jpg,36559.jpg,9
3722.jpg,36559.jpg,9
31281.jpg,36559.jpg,9
5664.jpg,36559.jpg,9
2012.jpg,36559.jpg,9
4260.jpg,36559.jpg,9
10472.jpg,36559.jpg,9
16629.jpg,36559.jpg,9
7888.jpg,36559.jpg,9
22318.jpg,36559.jpg,9
5157.jpg,36559.jpg,9
7763.jpg,36559.jpg,9
48430.jpg,3722.jpg,9
10670.jpg,3722.jpg,9
5016.jpg,3722.jpg,9
20297.jpg,3722.jpg,9
9935.jpg,3722.jpg,9
3874.jpg,3722.jpg,9
34406.jpg,3722.jpg,9
12556.jpg,3722.jpg,9
36559.jpg,3722.jpg,9
42107.jpg,3722.jpg,9
16427.jpg,3722.jpg,9
7903.jpg,3722.jpg,9
46410.jpg,3722.jpg,9
18843.jpg,3722.jpg,9
35887.jpg,3722.jpg,9
22318.jpg,3722.jpg,9
57796.jpg,3722.jpg,9
3098.jpg,3722.jpg,9
48430.jpg,31281.jpg,9
10670.jpg,31281.jpg,9
5016.jpg,31281.jpg,9
20297.jpg,31281.jpg,9
9935.jpg,31281.jpg,9
3874.jpg,31281.jpg,9
34406.jpg,31281.jpg,9
12556.jpg,31281.jpg,9
36559.jpg,31281.jpg,9
42107.jpg,31281.jpg,9
16427.jpg,31281.jpg,9
7903.jpg,31281.jpg,9
46410.jpg,31281.jpg,9
18843.jpg,31281.jpg,9
35887.jpg,31281.jpg,9
22318.jpg,31281.jpg,9
57796.jpg,31281.jpg,9
3098.jpg,31281.jpg,9
48430.jpg,5664.jpg,9
10670.jpg,5664.jpg,9
5016.jpg,5664.jpg,9
20297.jpg,5664.jpg,9
3874.jpg,5664.jpg,9
34406.jpg,5664.jpg,9
12556.jpg,5664.jpg,9
36559.jpg,5664.jpg,9
42107.jpg,5664.jpg,9
16427.jpg,5664.jpg,9
7903.jpg,5664.jpg,9
46410.jpg,5664.jpg,9
18843.jpg,5664.jpg,9
35887.jpg,5664.jpg,9
22318.jpg,5664.jpg,9
48430.jpg,2012.jpg,9
10670.jpg,2012.jpg,9
5016.jpg,2012.jpg,9
20297.jpg,2012.jpg,9
9935.jpg,2012.jpg,9
3874.jpg,2012.jpg,9
34406.jpg,2012.jpg,9
27356.jpg,2012.jpg,9
12560.jpg,2012.jpg,9
12556.jpg,2012.jpg,9
36559.jpg,2012.jpg,9
27357.jpg,2012.jpg,9
42107.jpg,2012.jpg,9
16427.jpg,2012.jpg,9
7903.jpg,2012.jpg,9
18843.jpg,2012.jpg,9
35887.jpg,2012.jpg,9
22318.jpg,2012.jpg,9
3098.jpg,2012.jpg,9
3410.jpg,2012.jpg,9
48430.jpg,4260.jpg,9
10670.jpg,4260.jpg,9
5016.jpg,4260.jpg,9
20297.jpg,4260.jpg,9
9935.jpg,4260.jpg,9
3874.jpg,4260.jpg,9
34406.jpg,4260.jpg,9
12556.jpg,4260.jpg,9
36559.jpg,4260.jpg,9
42107.jpg,4260.jpg,9
16427.jpg,4260.jpg,9
7903.jpg,4260.jpg,9
46410.jpg,4260.jpg,9
18843.jpg,4260.jpg,9
35887.jpg,4260.jpg,9
22318.jpg,4260.jpg,9
57796.jpg,4260.jpg,9
3098.jpg,4260.jpg,9
6181.jpg,27357.jpg,9
2012.jpg,27357.jpg,9
16288.jpg,42107.jpg,9
48430.jpg,42107.jpg,9
7285.jpg,42107.jpg,9
38808.jpg,42107.jpg,9
3060.jpg,42107.jpg,9
8557.jpg,42107.jpg,9
20297.jpg,42107.jpg,9
27356.jpg,42107.jpg,9
12560.jpg,42107.jpg,9
6181.jpg,42107.jpg,9
3722.jpg,42107.jpg,9
31281.jpg,42107.jpg,9
5664.jpg,42107.jpg,9
2012.jpg,42107.jpg,9
4260.jpg,42107.jpg,9
10472.jpg,42107.jpg,9
16629.jpg,42107.jpg,9
7888.jpg,42107.jpg,9
22318.jpg,42107.jpg,9
5157.jpg,42107.jpg,9
7763.jpg,42107.jpg,9
48430.jpg,10472.jpg,9
10670.jpg,10472.jpg,9
5016.jpg,10472.jpg,9
20297.jpg,10472.jpg,9
9935.jpg,10472.jpg,9
3874.jpg,10472.jpg,9
34406.jpg,10472.jpg,9
12556.jpg,10472.jpg,9
36559.jpg,10472.jpg,9
42107.jpg,10472.jpg,9
16427.jpg,10472.jpg,9
7903.jpg,10472.jpg,9
46410.jpg,10472.jpg,9
18843.jpg,10472.jpg,9
35887.jpg,10472.jpg,9
22318.jpg,10472.jpg,9
57796.jpg,10472.jpg,9
3098.jpg,10472.jpg,9
3410.jpg,10472.jpg,9
16288.jpg,16427.jpg,9
48430.jpg,16427.jpg,9
7285.jpg,16427.jpg,9
38808.jpg,16427.jpg,9
3060.jpg,16427.jpg,9
8557.jpg,16427.jpg,9
20297.jpg,16427.jpg,9
27356.jpg,16427.jpg,9
12560.jpg,16427.jpg,9
6181.jpg,16427.jpg,9
3722.jpg,16427.jpg,9
31281.jpg,16427.jpg,9
5664.jpg,16427.jpg,9
2012.jpg,16427.jpg,9
4260.jpg,16427.jpg,9
10472.jpg,16427.jpg,9
16629.jpg,16427.jpg,9
7888.jpg,16427.jpg,9
22318.jpg,16427.jpg,9
5157.jpg,16427.jpg,9
7763.jpg,16427.jpg,9
16288.jpg,7903.jpg,9
48430.jpg,7903.jpg,9
7285.jpg,7903.jpg,9
12560.jpg,7903.jpg,9
3722.jpg,7903.jpg,9
31281.jpg,7903.jpg,9
5664.jpg,7903.jpg,9
2012.jpg,7903.jpg,9
4260.jpg,7903.jpg,9
10472.jpg,7903.jpg,9
16629.jpg,7903.jpg,9
7888.jpg,7903.jpg,9
57796.jpg,7903.jpg,9
5157.jpg,7903.jpg,9
7763.jpg,7903.jpg,9
35887.jpg,46410.jpg,9
16288.jpg,46410.jpg,9
48430.jpg,46410.jpg,9
7285.jpg,46410.jpg,9
8557.jpg,46410.jpg,9
27356.jpg,46410.jpg,9
35271.jpg,46410.jpg,9
3722.jpg,46410.jpg,9
31281.jpg,46410.jpg,9
5664.jpg,46410.jpg,9
4260.jpg,46410.jpg,9
10472.jpg,46410.jpg,9
16629.jpg,46410.jpg,9
7888.jpg,46410.jpg,9
5157.jpg,46410.jpg,9
7763.jpg,46410.jpg,9
16288.jpg,18843.jpg,9
48430.jpg,18843.jpg,9
7285.jpg,18843.jpg,9
38808.jpg,18843.jpg,9
3060.jpg,18843.jpg,9
20297.jpg,18843.jpg,9
27356.jpg,18843.jpg,9
12560.jpg,18843.jpg,9
6181.jpg,18843.jpg,9
3722.jpg,18843.jpg,9
31281.jpg,18843.jpg,9
5664.jpg,18843.jpg,9
2012.jpg,18843.jpg,9
4260.jpg,18843.jpg,9
10472.jpg,18843.jpg,9
16629.jpg,18843.jpg,9
7888.jpg,18843.jpg,9
22318.jpg,18843.jpg,9
5157.jpg,18843.jpg,9
7763.jpg,18843.jpg,9
46410.jpg,35887.jpg,9
16288.jpg,35887.jpg,9
48430.jpg,35887.jpg,9
7285.jpg,35887.jpg,9
8557.jpg,35887.jpg,9
9935.jpg,35887.jpg,9
12560.jpg,35887.jpg,9
6181.jpg,35887.jpg,9
3722.jpg,35887.jpg,9
31281.jpg,35887.jpg,9
5664.jpg,35887.jpg,9
2012.jpg,35887.jpg,9
4260.jpg,35887.jpg,9
10472.jpg,35887.jpg,9
16629.jpg,35887.jpg,9
7888.jpg,35887.jpg,9
57796.jpg,35887.jpg,9
5157.jpg,35887.jpg,9
7763.jpg,35887.jpg,9
3410.jpg,35887.jpg,9
35271.jpg,16629.jpg,9
48430.jpg,16629.jpg,9
10670.jpg,16629.jpg,9
20297.jpg,16629.jpg,9
3874.jpg,16629.jpg,9
6181.jpg,16629.jpg,9
12556.jpg,16629.jpg,9
36559.jpg,16629.jpg,9
42107.jpg,16629.jpg,9
16427.jpg,16629.jpg,9
7903.jpg,16629.jpg,9
46410.jpg,16629.jpg,9
18843.jpg,16629.jpg,9
35887.jpg,16629.jpg,9
48430.jpg,7888.jpg,9
10670.jpg,7888.jpg,9
5016.jpg,7888.jpg,9
20297.jpg,7888.jpg,9
9935.jpg,7888.jpg,9
3874.jpg,7888.jpg,9
34406.jpg,7888.jpg,9
12556.jpg,7888.jpg,9
36559.jpg,7888.jpg,9
42107.jpg,7888.jpg,9
16427.jpg,7888.jpg,9
7903.jpg,7888.jpg,9
46410.jpg,7888.jpg,9
18843.jpg,7888.jpg,9
35887.jpg,7888.jpg,9
22318.jpg,7888.jpg,9
57796.jpg,7888.jpg,9
3098.jpg,7888.jpg,9
16288.jpg,22318.jpg,9
48430.jpg,22318.jpg,9
10670.jpg,22318.jpg,9
7285.jpg,22318.jpg,9
38808.jpg,22318.jpg,9
5016.jpg,22318.jpg,9
3060.jpg,22318.jpg,9
8557.jpg,22318.jpg,9
9935.jpg,22318.jpg,9
3874.jpg,22318.jpg,9
34406.jpg,22318.jpg,9
27356.jpg,22318.jpg,9
35271.jpg,22318.jpg,9
12556.jpg,22318.jpg,9
36559.jpg,22318.jpg,9
3722.jpg,22318.jpg,9
31281.jpg,22318.jpg,9
5664.jpg,22318.jpg,9
2012.jpg,22318.jpg,9
4260.jpg,22318.jpg,9
42107.jpg,22318.jpg,9
10472.jpg,22318.jpg,9
16427.jpg,22318.jpg,9
18843.jpg,22318.jpg,9
7888.jpg,22318.jpg,9
57796.jpg,22318.jpg,9
5157.jpg,22318.jpg,9
3098.jpg,22318.jpg,9
9935.jpg,57796.jpg,9
3098.jpg,57796.jpg,9
48430.jpg,57796.jpg,9
7285.jpg,57796.jpg,9
8557.jpg,57796.jpg,9
12560.jpg,57796.jpg,9
6181.jpg,57796.jpg,9
3722.jpg,57796.jpg,9
31281.jpg,57796.jpg,9
4260.jpg,57796.jpg,9
10472.jpg,57796.jpg,9
7903.jpg,57796.jpg,9
35887.jpg,57796.jpg,9
7888.jpg,57796.jpg,9
22318.jpg,57796.jpg,9
5157.jpg,57796.jpg,9
48430.jpg,5157.jpg,9
10670.jpg,5157.jpg,9
5016.jpg,5157.jpg,9
20297.jpg,5157.jpg,9
9935.jpg,5157.jpg,9
3874.jpg,5157.jpg,9
34406.jpg,5157.jpg,9
12556.jpg,5157.jpg,9
36559.jpg,5157.jpg,9
42107.jpg,5157.jpg,9
16427.jpg,5157.jpg,9
7903.jpg,5157.jpg,9
46410.jpg,5157.jpg,9
18843.jpg,5157.jpg,9
35887.jpg,5157.jpg,9
22318.jpg,5157.jpg,9
57796.jpg,5157.jpg,9
3098.jpg,5157.jpg,9
48430.jpg,7763.jpg,9
10670.jpg,7763.jpg,9
20297.jpg,7763.jpg,9
9935.jpg,7763.jpg,9
3874.jpg,7763.jpg,9
6181.jpg,7763.jpg,9
12556.jpg,7763.jpg,9
36559.jpg,7763.jpg,9
42107.jpg,7763.jpg,9
16427.jpg,7763.jpg,9
7903.jpg,7763.jpg,9
46410.jpg,7763.jpg,9
18843.jpg,7763.jpg,9
35887.jpg,7763.jpg,9
3098.jpg,7763.jpg,9
57796.jpg,3098.jpg,9
48430.jpg,3098.jpg,9
7285.jpg,3098.jpg,9
38808.jpg,3098.jpg,9
3060.jpg,3098.jpg,9
20297.jpg,3098.jpg,9
12560.jpg,3098.jpg,9
6181.jpg,3098.jpg,9
3722.jpg,3098.jpg,9
31281.jpg,3098.jpg,9
2012.jpg,3098.jpg,9
4260.jpg,3098.jpg,9
10472.jpg,3098.jpg,9
7888.jpg,3098.jpg,9
22318.jpg,3098.jpg,9
5157.jpg,3098.jpg,9
7763.jpg,3098.jpg,9
8557.jpg,3410.jpg,9
5016.jpg,3410.jpg,9
34406.jpg,3410.jpg,9
2012.jpg,3410.jpg,9
10472.jpg,3410.jpg,9
35887.jpg,3410.jpg,9
35271.jpg,16288.jpg,8
38808.jpg,16288.jpg,8
3060.jpg,16288.jpg,8
6181.jpg,16288.jpg,8
2012.jpg,16288.jpg,8
3410.jpg,16288.jpg,8
5016.jpg,10670.jpg,8
34406.jpg,10670.jpg,8
35271.jpg,10670.jpg,8
7903.jpg,10670.jpg,8
35887.jpg,10670.jpg,8
57796.jpg,10670.jpg,8
3410.jpg,10670.jpg,8
38808.jpg,7285.jpg,8
3060.jpg,7285.jpg,8
6181.jpg,7285.jpg,8
2012.jpg,7285.jpg,8
3410.jpg,7285.jpg,8
16288.jpg,38808.jpg,8
7285.jpg,38808.jpg,8
5016.jpg,38808.jpg,8
8557.jpg,38808.jpg,8
34406.jpg,38808.jpg,8
35271.jpg,38808.jpg,8
3722.jpg,38808.jpg,8
31281.jpg,38808.jpg,8
5664.jpg,38808.jpg,8
4260.jpg,38808.jpg,8
27357.jpg,38808.jpg,8
10472.jpg,38808.jpg,8
7903.jpg,38808.jpg,8
35887.jpg,38808.jpg,8
16629.jpg,38808.jpg,8
7888.jpg,38808.jpg,8
57796.jpg,38808.jpg,8
5157.jpg,38808.jpg,8
7763.jpg,38808.jpg,8
3410.jpg,38808.jpg,8
10670.jpg,5016.jpg,8
38808.jpg,5016.jpg,8
3060.jpg,5016.jpg,8
20297.jpg,5016.jpg,8
9935.jpg,5016.jpg,8
3874.jpg,5016.jpg,8
12556.jpg,5016.jpg,8
36559.jpg,5016.jpg,8
42107.jpg,5016.jpg,8
16427.jpg,5016.jpg,8
46410.jpg,5016.jpg,8
18843.jpg,5016.jpg,8
3098.jpg,5016.jpg,8
16288.jpg,3060.jpg,8
7285.jpg,3060.jpg,8
5016.jpg,3060.jpg,8
8557.jpg,3060.jpg,8
34406.jpg,3060.jpg,8
35271.jpg,3060.jpg,8
3722.jpg,3060.jpg,8
31281.jpg,3060.jpg,8
5664.jpg,3060.jpg,8
4260.jpg,3060.jpg,8
27357.jpg,3060.jpg,8
10472.jpg,3060.jpg,8
7903.jpg,3060.jpg,8
35887.jpg,3060.jpg,8
16629.jpg,3060.jpg,8
7888.jpg,3060.jpg,8
57796.jpg,3060.jpg,8
5157.jpg,3060.jpg,8
7763.jpg,3060.jpg,8
3410.jpg,3060.jpg,8
38808.jpg,8557.jpg,8
3060.jpg,8557.jpg,8
2012.jpg,8557.jpg,8
5016.jpg,20297.jpg,8
34406.jpg,20297.jpg,8
35271.jpg,20297.jpg,8
7903.jpg,20297.jpg,8
35887.jpg,20297.jpg,8
57796.jpg,20297.jpg,8
3410.jpg,20297.jpg,8
5016.jpg,9935.jpg,8
34406.jpg,9935.jpg,8
7903.jpg,9935.jpg,8
3410.jpg,9935.jpg,8
5016.jpg,3874.jpg,8
34406.jpg,3874.jpg,8
35271.jpg,3874.jpg,8
7903.jpg,3874.jpg,8
35887.jpg,3874.jpg,8
57796.jpg,3874.jpg,8
3410.jpg,3874.jpg,8
10670.jpg,34406.jpg,8
38808.jpg,34406.jpg,8
3060.jpg,34406.jpg,8
20297.jpg,34406.jpg,8
9935.jpg,34406.jpg,8
3874.jpg,34406.jpg,8
12556.jpg,34406.jpg,8
36559.jpg,34406.jpg,8
42107.jpg,34406.jpg,8
16427.jpg,34406.jpg,8
46410.jpg,34406.jpg,8
18843.jpg,34406.jpg,8
3098.jpg,34406.jpg,8
35271.jpg,12560.jpg,8
3410.jpg,12560.jpg,8
16288.jpg,6181.jpg,8
7285.jpg,6181.jpg,8
3722.jpg,6181.jpg,8
31281.jpg,6181.jpg,8
5664.jpg,6181.jpg,8
4260.jpg,6181.jpg,8
10472.jpg,6181.jpg,8
7888.jpg,6181.jpg,8
5157.jpg,6181.jpg,8
16288.jpg,35271.jpg,8
5664.jpg,35271.jpg,8
1890.jpg,35271.jpg,8
57796.jpg,35271.jpg,8
10670.jpg,35271.jpg,8
38808.jpg,35271.jpg,8
3060.jpg,35271.jpg,8
20297.jpg,35271.jpg,8
3874.jpg,35271.jpg,8
12560.jpg,35271.jpg,8
12556.jpg,35271.jpg,8
36559.jpg,35271.jpg,8
2012.jpg,35271.jpg,8
42107.jpg,35271.jpg,8
16427.jpg,35271.jpg,8
18843.jpg,35271.jpg,8
7763.jpg,35271.jpg,8
3098.jpg,35271.jpg,8
5016.jpg,12556.jpg,8
34406.jpg,12556.jpg,8
35271.jpg,12556.jpg,8
7903.jpg,12556.jpg,8
35887.jpg,12556.jpg,8
57796.jpg,12556.jpg,8
3410.jpg,12556.jpg,8
5016.jpg,36559.jpg,8
34406.jpg,36559.jpg,8
35271.jpg,36559.jpg,8
7903.jpg,36559.jpg,8
35887.jpg,36559.jpg,8
57796.jpg,36559.jpg,8
3410.jpg,36559.jpg,8
38808.jpg,3722.jpg,8
3060.jpg,3722.jpg,8
6181.jpg,3722.jpg,8
2012.jpg,3722.jpg,8
3410.jpg,3722.jpg,8
38808.jpg,31281.jpg,8
3060.jpg,31281.jpg,8
6181.jpg,31281.jpg,8
2012.jpg,31281.jpg,8
3410.jpg,31281.jpg,8
35271.jpg,5664.jpg,8
38808.jpg,5664.jpg,8
3060.jpg,5664.jpg,8
6181.jpg,5664.jpg,8
2012.jpg,5664.jpg,8
3410.jpg,5664.jpg,8
16288.jpg,2012.jpg,8
7285.jpg,2012.jpg,8
8557.jpg,2012.jpg,8
35271.jpg,2012.jpg,8
3722.jpg,2012.jpg,8
31281.jpg,2012.jpg,8
5664.jpg,2012.jpg,8
4260.jpg,2012.jpg,8
10472.jpg,2012.jpg,8
16629.jpg,2012.jpg,8
7888.jpg,2012.jpg,8
57796.jpg,2012.jpg,8
5157.jpg,2012.jpg,8
7763.jpg,2012.jpg,8
38808.jpg,4260.jpg,8
3060.jpg,4260.jpg,8
6181.jpg,4260.jpg,8
2012.jpg,4260.jpg,8
3410.jpg,4260.jpg,8
38808.jpg,27357.jpg,8
3060.jpg,27357.jpg,8
46410.jpg,27357.jpg,8
5016.jpg,42107.jpg,8
34406.jpg,42107.jpg,8
35271.jpg,42107.jpg,8
7903.jpg,42107.jpg,8
35887.jpg,42107.jpg,8
57796.jpg,42107.jpg,8
3410.jpg,42107.jpg,8
38808.jpg,10472.jpg,8
3060.jpg,10472.jpg,8
6181.jpg,10472.jpg,8
2012.jpg,10472.jpg,8
5016.jpg,16427.jpg,8
34406.jpg,16427.jpg,8
35271.jpg,16427.jpg,8
7903.jpg,16427.jpg,8
35887.jpg,16427.jpg,8
57796.jpg,16427.jpg,8
3410.jpg,16427.jpg,8
10670.jpg,7903.jpg,8
38808.jpg,7903.jpg,8
3060.jpg,7903.jpg,8
20297.jpg,7903.jpg,8
9935.jpg,7903.jpg,8
3874.jpg,7903.jpg,8
12556.jpg,7903.jpg,8
36559.jpg,7903.jpg,8
42107.jpg,7903.jpg,8
16427.jpg,7903.jpg,8
46410.jpg,7903.jpg,8
18843.jpg,7903.jpg,8
22318.jpg,7903.jpg,8
3098.jpg,7903.jpg,8
5016.jpg,46410.jpg,8
34406.jpg,46410.jpg,8
27357.jpg,46410.jpg,8
7903.jpg,46410.jpg,8
57796.jpg,46410.jpg,8
3410.jpg,46410.jpg,8
5016.jpg,18843.jpg,8
34406.jpg,18843.jpg,8
35271.jpg,18843.jpg,8
7903.jpg,18843.jpg,8
35887.jpg,18843.jpg,8
57796.jpg,18843.jpg,8
3410.jpg,18843.jpg,8
10670.jpg,35887.jpg,8
38808.jpg,35887.jpg,8
3060.jpg,35887.jpg,8
20297.jpg,35887.jpg,8
3874.jpg,35887.jpg,8
12556.jpg,35887.jpg,8
36559.jpg,35887.jpg,8
42107.jpg,35887.jpg,8
16427.jpg,35887.jpg,8
18843.jpg,35887.jpg,8
22318.jpg,35887.jpg,8
3098.jpg,35887.jpg,8
35271.jpg,1890.jpg,8
38808.jpg,16629.jpg,8
3060.jpg,16629.jpg,8
2012.jpg,16629.jpg,8
3410.jpg,16629.jpg,8
38808.jpg,7888.jpg,8
3060.jpg,7888.jpg,8
6181.jpg,7888.jpg,8
2012.jpg,7888.jpg,8
3410.jpg,7888.jpg,8
7903.jpg,22318.jpg,8
35887.jpg,22318.jpg,8
3410.jpg,22318.jpg,8
35271.jpg,57796.jpg,8
10670.jpg,57796.jpg,8
38808.jpg,57796.jpg,8
3060.jpg,57796.jpg,8
20297.jpg,57796.jpg,8
3874.jpg,57796.jpg,8
12556.jpg,57796.jpg,8
36559.jpg,57796.jpg,8
2012.jpg,57796.jpg,8
42107.jpg,57796.jpg,8
16427.jpg,57796.jpg,8
46410.jpg,57796.jpg,8
18843.jpg,57796.jpg,8
3410.jpg,57796.jpg,8
38808.jpg,5157.jpg,8
3060.jpg,5157.jpg,8
6181.jpg,5157.jpg,8
2012.jpg,5157.jpg,8
3410.jpg,5157.jpg,8
38808.jpg,7763.jpg,8
3060.jpg,7763.jpg,8
35271.jpg,7763.jpg,8
2012.jpg,7763.jpg,8
3410.jpg,7763.jpg,8
5016.jpg,3098.jpg,8
34406.jpg,3098.jpg,8
35271.jpg,3098.jpg,8
7903.jpg,3098.jpg,8
35887.jpg,3098.jpg,8
3410.jpg,3098.jpg,8
16288.jpg,3410.jpg,8
10670.jpg,3410.jpg,8
7285.jpg,3410.jpg,8
38808.jpg,3410.jpg,8
3060.jpg,3410.jpg,8
20297.jpg,3410.jpg,8
9935.jpg,3410.jpg,8
3874.jpg,3410.jpg,8
12560.jpg,3410.jpg,8
12556.jpg,3410.jpg,8
36559.jpg,3410.jpg,8
3722.jpg,3410.jpg,8
31281.jpg,3410.jpg,8
5664.jpg,3410.jpg,8
4260.jpg,3410.jpg,8
42107.jpg,3410.jpg,8
16427.jpg,3410.jpg,8
46410.jpg,3410.jpg,8
18843.jpg,3410.jpg,8
16629.jpg,3410.jpg,8
7888.jpg,3410.jpg,8
22318.jpg,3410.jpg,8
57796.jpg,3410.jpg,8
5157.jpg,3410.jpg,8
7763.jpg,3410.jpg,8
3098.jpg,3410.jpg,8
35271.jpg,48430.jpg,7
27357.jpg,48430.jpg,7
27357.jpg,10670.jpg,7
35271.jpg,7285.jpg,7
35271.jpg,5016.jpg,7
27357.jpg,5016.jpg,7
35271.jpg,8557.jpg,7
27357.jpg,20297.jpg,7
27357.jpg,9935.jpg,7
27357.jpg,3874.jpg,7
35271.jpg,34406.jpg,7
27357.jpg,34406.jpg,7
35271.jpg,27356.jpg,7
27357.jpg,27356.jpg,7
27357.jpg,12560.jpg,7
48430.jpg,35271.jpg,7
7285.jpg,35271.jpg,7
5016.jpg,35271.jpg,7
8557.jpg,35271.jpg,7
34406.jpg,35271.jpg,7
27356.jpg,35271.jpg,7
3722.jpg,35271.jpg,7
31281.jpg,35271.jpg,7
4260.jpg,35271.jpg,7
27357.jpg,35271.jpg,7
10472.jpg,35271.jpg,7
7888.jpg,35271.jpg,7
5157.jpg,35271.jpg,7
27357.jpg,12556.jpg,7
27357.jpg,36559.jpg,7
35271.jpg,3722.jpg,7
35271.jpg,31281.jpg,7
35271.jpg,4260.jpg,7
48430.jpg,27357.jpg,7
10670.jpg,27357.jpg,7
5016.jpg,27357.jpg,7
20297.jpg,27357.jpg,7
9935.jpg,27357.jpg,7
3874.jpg,27357.jpg,7
34406.jpg,27357.jpg,7
27356.jpg,27357.jpg,7
12560.jpg,27357.jpg,7
35271.jpg,27357.jpg,7
12556.jpg,27357.jpg,7
36559.jpg,27357.jpg,7
42107.jpg,27357.jpg,7
16427.jpg,27357.jpg,7
7903.jpg,27357.jpg,7
18843.jpg,27357.jpg,7
35887.jpg,27357.jpg,7
1890.jpg,27357.jpg,7
22318.jpg,27357.jpg,7
3098.jpg,27357.jpg,7
3410.jpg,27357.jpg,7
27357.jpg,42107.jpg,7
35271.jpg,10472.jpg,7
27357.jpg,16427.jpg,7
27357.jpg,7903.jpg,7
27357.jpg,18843.jpg,7
27357.jpg,35887.jpg,7
27357.jpg,1890.jpg,7
35271.jpg,7888.jpg,7
27357.jpg,22318.jpg,7
35271.jpg,5157.jpg,7
27357.jpg,3098.jpg,7
27357.jpg,3410.jpg,7
27357.jpg,16288.jpg,6
27357.jpg,7285.jpg,6
27357.jpg,8557.jpg,6
7903.jpg,35271.jpg,6
35887.jpg,35271.jpg,6
3410.jpg,35271.jpg,6
27357.jpg,3722.jpg,6
27357.jpg,31281.jpg,6
27357.jpg,5664.jpg,6
27357.jpg,4260.jpg,6
16288.jpg,27357.jpg,6
7285.jpg,27357.jpg,6
8557.jpg,27357.jpg,6
3722.jpg,27357.jpg,6
31281.jpg,27357.jpg,6
5664.jpg,27357.jpg,6
4260.jpg,27357.jpg,6
10472.jpg,27357.jpg,6
16629.jpg,27357.jpg,6
7888.jpg,27357.jpg,6
57796.jpg,27357.jpg,6
5157.jpg,27357.jpg,6
7763.jpg,27357.jpg,6
27357.jpg,10472.jpg,6
35271.jpg,7903.jpg,6
35271.jpg,35887.jpg,6
27357.jpg,16629.jpg,6
27357.jpg,7888.jpg,6
27357.jpg,57796.jpg,6
27357.jpg,5157.jpg,6
27357.jpg,7763.jpg,6
35271.jpg,3410.jpg,6
